id,name,rarity,price,description,art
base_jester,Jester,Common,2,+4 Mult,yes
greedy_jester,Greedy Jester,Common,5,+3 Mult per Diamond played,yes
lusty_jester,Lusty Jester,Common,5,+3 Mult per Heart played,yes
wrathful_jester,Wrathful Jester,Common,5,+3 Mult per Spade played,yes
gluttonous_jester,Gluttonous Jester,Common,5,+3 Mult per Club played,yes
jolly_jester,Jolly Jester,Common,3,+8 Mult if played hand contains a Pair,yes
zany_jester,Zany Jester,Common,4,+12 Mult if played hand contains a Three of a Kind,yes
mad_jester,Mad Jester,Common,4,+10 Mult if played hand contains a Two Pair,yes
crazy_jester,Crazy Jester,Common,4,+12 Mult if played hand contains a Straight,yes
droll_jester,Droll Jester,Common,4,+10 Mult if played hand contains a Flush,yes
sly_jester,Sly Jester,Common,3,+50 Chips if played hand contains a Pair,yes
wily_jester,Wily Jester,Common,4,+100 Chips if played hand contains a Three of a Kind,yes
clever_jester,Clever Jester,Common,4,+80 Chips if played hand contains a Two Pair,yes
devious_jester,Devious Jester,Common,4,+100 Chips if played hand contains a Straight,yes
crafty_jester,Crafty Jester,Common,4,+80 Chips if played hand contains a Flush,yes
half_jester,Half Jester,Common,5,+20 Mult if played hand has 3 or fewer cards,yes
jester_stencil,Jester Stencil,Uncommon,8,X1 Mult for each empty Jester slot (itself included),yes
banner,Banner,Common,5,+30 Chips for each remaining discard,yes
mystic_summit,Mystic Summit,Common,5,+15 Mult when 0 discards remaining,yes
misprint,Misprint,Common,4,+0-23 Mult (random),yes
raised_fist,Raised Fist,Common,5,Adds double the rank of the lowest card held in hand to Mult,yes
fibonacci,Fibonacci,Uncommon,8,"+8 Mult per played Ace, 2, 3, 5, or 8",yes
scary_face,Scary Face,Common,4,+30 Chips per played face card,yes
abstract_jester,Abstract Jester,Common,4,+3 Mult per Jester card,yes
even_steven,Even Steven,Common,4,"+4 Mult per played even-rank card (10,8,6,4,2)",yes
odd_todd,Odd Todd,Common,4,"+31 Chips per played odd-rank card (A,9,7,5,3)",yes
scholar,Scholar,Common,4,Played Aces give +20 Chips and +4 Mult,yes
business_card,Business Card,Common,4,Played face cards have a 1 in 2 chance to give $2 when scored,yes
blackboard,Blackboard,Uncommon,6,X3 Mult if all cards held in hand are Spades or Clubs,yes
blue_jester,Blue Jester,Common,5,+2 Chips for each remaining card in deck,yes
baron,Baron,Rare,8,Each King held in hand gives X1.5 Mult,yes
photograph,Photograph,Common,5,First played face card gives X2 Mult when scored,yes
reserved_parking,Reserved Parking,Common,6,Each face card held in hand has a 1 in 2 chance to give $1,yes
baseball_card,Baseball Card,Rare,8,Uncommon Jesters each give X1.5 Mult,yes
bull,Bull,Uncommon,6,+2 Chips for each $1 you have,yes
walkie_talkie,Walkie Talkie,Common,4,Each played 10 or 4 gives +10 Chips and +4 Mult,yes
smiley_face,Smiley Face,Common,4,Played face cards give +5 Mult,yes
hack,Hack,Uncommon,6,"Played 2s, 3s, 4s, and 5s are scored again",yes
delayed_gratification,Delayed Gratification,Common,4,Earn $2 per discard if no discards are used by round end,yes
to_the_moon,To the Moon,Uncommon,5,Earn an extra $1 of interest per $5 held (up to $5) at round end,yes
golden_jester,Golden Jester,Common,6,Earn $4 at the end of the round,yes
egg,Egg,Common,4,Gains $3 of sell value at the end of every round,no
gros_michel,Gros Michel,Common,5,"+15 Mult, 1 in 6 chance to be destroyed at round end",no
cloud_9,Cloud 9,Uncommon,7,Earn $1 at round end for each 9 in your deck,no
rocket,Rocket,Uncommon,6,Earn $1 at round end; the payout rises by $2 each time a boss round is cleared,no
gift_card,Gift Card,Uncommon,6,Adds $1 of sell value to every owned Jester at the end of every round,no
cavendish,Cavendish,Common,4,"X3 Mult, 1 in 1000 chance to be destroyed at round end",yes
juggler,Juggler,Common,4,+1 hand size,yes
drunkard,Drunkard,Common,4,+1 discard each round,yes
credit_card,Credit Card,Common,1,Allows going up to -$20 in debt when buying or rerolling,yes
chaos_the_clown,Chaos the Clown,Common,4,1 free reroll per shop visit,yes
pareidolia,Pareidolia,Uncommon,5,All cards are considered face cards,yes
faceless_jester,Faceless Jester,Common,4,Earn $5 if 3 or more face cards are discarded at the same time,yes
four_fingers,Four Fingers,Uncommon,7,Flushes and Straights can be made with 4 cards,yes
brainstorm,Brainstorm,Rare,10,Emulates the scoring ability of the leftmost Jester,yes
swashbuckler,Swashbuckler,Uncommon,6,+Mult equal to the sell value of all other owned Jesters,yes
campfire,Campfire,Rare,9,X0.25 Mult per Jester sold this run; resets when a boss round is cleared,yes
blueprint,Blueprint,Rare,10,Emulates the scoring ability of the Jester to its right,yes
ringmaster,Ringmaster,Uncommon,5,+4 Mult per different rarity among owned Jesters,no
