id,prompt
wall,"A stern seneschal in a chain of office holding a thick ledger and a ring of heavy keys, a long table of counted candles behind him"
needle,"A masked executioner in a crimson hood standing on a torchlit scaffold, a great axe resting on his shoulder"
water,"A masked court censor in black robes pressing a wax seal shut, a quill and a scroll of struck-out lines in hand"
manacle,"A burly gaoler with a ring of iron keys and a lantern, heavy manacles hanging from his belt, a dungeon door behind him"
club,"A scarred royal marshal in dark plate armor and a plumed helm gripping a spiked club, a green banner marked with a club emblem"
heart,"An imperious queen in a towering crimson ruff and a crown of red hearts, holding a scepter, a cold smile"
tax,"A pinch-faced tax collector in a wide black hat holding an open ledger and a brass scale, stacks of coins before him"
laureate,"A pompous poet laureate in a laurel wreath and lace cuffs reading from a long unrolled scroll, a quill behind his ear"
bishop,"A severe bishop in a tall gilded mitre and black vestments holding a heavy crozier, face cards burning in a brazier at his feet"
spymaster,"A hooded spymaster in a half mask whispering from behind a velvet curtain, a coded letter in his gloved hand"
king,"A weary, terrifying king on a towering gilded throne in a heavy fur-trimmed robe and crown, one hand curled on a scepter, bored and dangerous"
